thread_id,url,title,question,answer,all_answers,tags,created_at,updated_at
,,Ed Guidelines & Ediquette,"Important: Ed Guidelines &amp; EdiquetteWelcome everyone!We‚Äôre excited to be your TAs this semester and hope you all are ready for a fun ride. We use Ed because it‚Äôs an incredibly valuable resource for students (ask questions, send updates/notices, etc.). In order to make Ed as efficient and effective as possible, we ask that you please follow these guidelines:BEFORE POSTING1. SEARCH BEFORE POSTINGBefore posting, please try to find if there are already similar Ed posts by searching one or two keywords related to your question and looking through our FAQ documents.2. Use other resources (lectures, textbook, other Ed posts, etc‚Ä¶) available to you before making a post on EdBefore you post on Ed, please take some time to attempt to debug and fully understand your problem. Using the resources and debugging techniques you have learned in office hours or recitation may allow you to answer your own question or make it easier for us to help you.DRAFTING POSTS3. DO NOT POST YOUR CODE PUBLICLYYou should never share your own code publicly. In general, try to refrain from posting code unless necessary. When appropriate, a TA may ask you to share your code privately to help answer your question(s).4. Format code using Ed‚Äôs code block formatFor readability purposes, if you are including code in a post please use the code block format (denoted by {;} symbol in the toolbar above the textbox). It should look like the following:let s : string = ""Hello, World!"" ;; print_endline(s) If the code is too long, feel free to attach a screenshot of your code complete with line numbers (make sure it is only visible to instructors).5. Use the folders!When making a post, organize it into the appropriate folder. This will help TAs and other students find your posts, and helps to keep things organized between assignments and exams.6. Be respectfulWe want everyone to have a great time in CIS1200 so please be respectful to course staff and your fellow classmates! Disrespectful posts will not be tolerated!AFTER POSTING7. Marking follow-ups as ‚Äúunresolved‚ÄùIf you post a question and decide later that you have a follow-up question, you can either edit your original post (only if you have not yet received a response) or post a followup question in the followup discussion section below your post.Please do not answer your own question with your followup question because this marks your question as resolved and the TAs will likely miss your question üò¶. On that note, if you post in the followup discussion section, do not forget to mark this discussion thread as unresolved!8. Gradescope and the TAs are not your debugger.We cannot help with failing Gradescope tests without a failing test of your own. When you submit homework on Gradescope, you will be given the name of the first failing test only. We cannot help you interpret the name or what it‚Äôs testing for, and we cannot tell you any information beyond that about other failing tests. If you fail a test on Gradescope, you will need to write your own tests for it before posting on Ed or coming to OH.9. Help your classmates!If you see a question and think you can answer it, please do! This‚Äôll help you learn the material as well!As always, please be respectful to your fellow classmates and CIS1200 staff. If you have any additional questions, feel free to let us know!Happy coding!",,,General,,
,,Office Hours Guidelines and Etiquette,"Important: Office Hours Guidelines &amp; EtiquetteOffice hours will start on Tuesday, September 2nd. Office hours for CIS1200 are often busy, so we publish these guidelines for TA office hours to ensure you are helped equitably and efficiently. TA office hours are in-person and you will use OHQ to join the queue in order to be helped.GuidelinesOffice hours are for conceptual and debugging help. Explain to your TA what you have already reviewed in terms of content or tried in terms of debugging. If you haven‚Äôt reviewed the lecture content or tried thoroughly debugging on your own, you‚Äôre not ready for additional help.Prepare for office hours. TAs will aim to spend five to ten minutes with you, so maximize the help you get by having clear questions prepared.If you do have a tough bug, your TA might ask other TAs to help debug or ask you to post on Ed. However, asking more TAs to help means longer wait times on the queue. Be respectful of your fellow students‚Äô time by having a clear and specific question in mind for your TA!If you encounter an unfamiliar bug, search Ed for related keywords. You will save yourself a lot of time spent debugging and waiting on the queue!As seen in the Ed guidelines, the TAs and Gradescope are not your debugger. If you fail a test on Gradescope, you must write your own failing test for a TA to be able to help you with your code.Recommendations and What to ExpectYou may already be familiar with OHQ, but here are some tips to ensure that everything goes smoothly and efficiently:Have a clear and specific question ready. Consider keeping a list of the things that you want to talk about with a TA.Continue to attempt to debug while you are in the queue. Sometimes students can find the bug before the TA gets to them!Here is what you should do when you‚Äôre with a TA:Describe your bug and the steps taken to produce it, or describe your conceptual question.Explain what you think the problem is and what steps you have taken to solve it. Do not simply say that something doesn‚Äôt work. We are here to help you learn how to debug effectively and think like a programmer ‚Äì not to do your assignment.Here is what to expect when the office hours queue gets long:Your TA may pass your question along to other TAs if it takes more than 10-15 minutes to help debug (this shouldn‚Äôt be the case if your question is clear and specific).When the queue is busy, we may enforce limits on how often students can ask questions in the queue. This prevents small numbers of students from occupying office hours at the exclusion of everyone else.We will clear the queue (remove any remaining questions from the queue) when scheduled office hours end.Looking forward to meeting many of you at office hours!",,,General,,
,,CIS 1200 Advising Hours,"Hi everyone!As part of the CIS 1200 Wellness Committee, students can sign up for CIS 1200 Advising Hours, designed to offer guidance for anything not directly related to course material. These optional sessions provide an opportunity for students to ask Teaching Assistants questions such as:Course tips and study plansGeneral advice about navigating Penn‚Äôs academic and extracurricular resourcesAdvising Hours are intended to support your broader academic well-being and offer any informal guidance on your studies. We want to be as much of a resource as possible!Sign up for a slot here: https://calendar.app.google/AohZDUyptP1N5hkUA",Are the locations of Advising Hours corresponding TA's Rec. Locations?,"Are the locations of Advising Hours corresponding TA's Rec. Locations?

---

The Calendly link doesn't work anymore",Wellness,,
,,"Final Exam Review Session on Tuesday, December 9, 10am-2pm","Hello all,The review session for the final exam will be Tuesday, December 9 in the Amy Gutmann Hall Main Auditorium. We will be hosting a mock exam portion that will run from 10am to 12pm and the actual review session will begin promptly at 12pm. We will be going over the final exam from  from Fall 2022, linked below. Printed, physical copies of the exam will be provided so that you may simulate an actual testing environment with a timer and proctors. Once the testing period is complete, we review the material as a group. As always, the review session will be recorded and posted barring technical difficulties. We cannot guarantee that there will not be technical difficulties, so if you can come in person, then please do! Plus - it gives you the opportunity to ask questions IRL. Congratulations on making it so far in the course. You're almost at the finish line!","If we cannot come at 10 am exactly, can we still come in to the proctored portion and just take the exam with less time?","Will the mock exam + answer key be posted as a pdf online too?

---

If we cannot come at 10 am exactly, can we still come in to the proctored portion and just take the exam with less time?

---

the pdfs dont have the appendix. where can we find them",Exams,,
,,OH,Will there be OH today? Thanks!,Yup! Today's the last day for official OH. It will be 4-9pm in AGH 203.,Yup! Today's the last day for official OH. It will be 4-9pm in AGH 203.,General,,
,,23 fa Final 1.a,I dont understand how this question is false as doesn't reference equality imply structural equality. Thank you!,What if I override .equals to check if s != t?,What if I override .equals to check if s != t?,General,,
,,Encapsulation,"Hi, I'm wondering if you have suggestions on how to remove swing from my game state class. I'm creating a typing game, and my game state class is called racetrack. This class is where I create objects that represent the player and the bot, and change their velocity, etc. I was using a keylistener to listen for what keys the user is typing and checking to see if the key they just typed is equal to the next character in my arraylist of characters:I'm also using a timer that goes off every few milliseconds and calls the tick() method to update the position of the bot and the player during the game:","Ok, so to start - your model (RaceTrack) should not know anything about Swing. No Timers, KeyListeners, repaint, etc. Your model should expose simple methods that can be called by the controller, such as handleKeyPress(), tick(), isWinner(), etc. These are the methods that update positions/velocities and other game-state related stuff based on the current state. The UI view should handle key events / timer and call the model's functions with the relevant data as input. For example, a key listener in the UI view should parse the keypress or the position of the mouse click on the screen into data that can be passed into a move() function. (Ex: if your character could move left and right only, you could parse the keypress and have an if-else statement that calls move(String direction) with ""LEFT "" for ""A"" and ""RIGHT"" for ""D"". The keypress isn't exposed to the model, but you derive what it means before passing it in. These are just examples. So I would start by making another file and carefully separating the two functions. One file for the model (doesn't interact with Swing at all) and one file for the UI (calls the model functions based on user input).","Ok, so to start - your model (RaceTrack) should not know anything about Swing. No Timers, KeyListeners, repaint, etc. Your model should expose simple methods that can be called by the controller, such as handleKeyPress(), tick(), isWinner(), etc. These are the methods that update positions/velocities and other game-state related stuff based on the current state. The UI view should handle key events / timer and call the model's functions with the relevant data as input. For example, a key listener in the UI view should parse the keypress or the position of the mouse click on the screen into data that can be passed into a move() function. (Ex: if your character could move left and right only, you could parse the keypress and have an if-else statement that calls move(String direction) with ""LEFT "" for ""A"" and ""RIGHT"" for ""D"". The keypress isn't exposed to the model, but you derive what it means before passing it in. These are just examples. So I would start by making another file and carefully separating the two functions. One file for the model (doesn't interact with Swing at all) and one file for the UI (calls the model functions based on user input).",General,,
,,Autograder error,"Hi, I submitted my final project, but I'm getting this error. Could someone please let me know how to fix this?",It seems like you're using JUnit 4 instead of JUnit 5.,It seems like you're using JUnit 4 instead of JUnit 5.,Homework,,
,,25 Spring midterm,"why is p.allies.contains(new FrontCamel(""Wei Rich"")) true?","Given that contains is defined as above, we would call o.equals(new FrontCamel(""Wei Rich"") on each Object o in allies (of type LinkedList&lt;CamelGamesMember&gt;).This is how we've defined equals in the CamelGamesMember class. Notice how we're just checking that the id's are equal and the name is structurally equal (or both null). So if we pass a new FrontCamel to f.contains() with the same ID and name as f, then this would return true.","Given that contains is defined as above, we would call o.equals(new FrontCamel(""Wei Rich"") on each Object o in allies (of type LinkedList&lt;CamelGamesMember&gt;).This is how we've defined equals in the CamelGamesMember class. Notice how we're just checking that the id's are equal and the name is structurally equal (or both null). So if we pass a new FrontCamel to f.contains() with the same ID and name as f, then this would return true.",Exams,,
,,Gradescope compile error with subpackages,"I organized my game into a couple of folders, but Gradescope is showing the package names as invalid.Should I flatten everything out into one package by hand or is there something else I can try?",Hopefully you were able to fix this but I think its because you renamed the import?,Hopefully you were able to fix this but I think its because you renamed the import?,Homework,,
,,JUnit testing,"Hello, would the provided mushroom of doom tests be considered tests of core game state? Or would it be required to instantiate the game court class in order to test core game state in this case? My game is also timer-based so I have a model class similar to the game court class","No, please write your own tests.","No, please write your own tests.",General,,
,,URGENT HELP,"Help! My game compiles, and I am able to run everything, it works. But when I upload it, even if I upload the whole of hw 9 it doesnt compile in gradescope and I don't know what to do. Can I email cis 1200 a google drive file if possible, I believe I read that somewhere.",Can you attach a photo of the errors?,Can you attach a photo of the errors?,General,,
,,Where is Chem 102 for Final exam,Is this the Chem building for the final exam? I don't take chem and just want to double check.,Yup,Yup,General,,
,,Format & Stylechecker not working?,"My stylechecker isn't working in intellij and neither is the format. I'm having to go through and manually format all my code. Could there be like a common reason format isn't working / a file I need to bring back? (I deleted the mushroom and tic tac toe, but didnt think it would get rid of format).","Is it not stylechecking at all or is it just not fixing the errors? If it's the latter then iirc some errors the style checker doesn't resolve and you will just need to manually fix. If it's not stylechecking anything, then I recommend going through the project setup steps again to see if you may be missing anything or accidentally deleted something else (carefully, don't delete your code/save your important files in a zip file or somewhere else before proceeding because style really isn't very many points).","Is it not stylechecking at all or is it just not fixing the errors? If it's the latter then iirc some errors the style checker doesn't resolve and you will just need to manually fix. If it's not stylechecking anything, then I recommend going through the project setup steps again to see if you may be missing anything or accidentally deleted something else (carefully, don't delete your code/save your important files in a zip file or somewhere else before proceeding because style really isn't very many points).",Homework,,
,,getInstanceOf() vs getClass(),"What is the difference? I checked lecture slides &amp; recordings , but couldn't discern what the difference is as they both effectively look at the current dynamic class of a variable.Is it used when downcasting is not the optimal solution?","instanceOf (I think that's what you're referring to) checks if the object is an instance of any object which it may inherit from/is in its inheritance tree, thus everything is an InstanceOf an Object. However, getClass just returns the dynamic class of the object. InstanceOf generally isn't preferable to use because it somewhat negates the benefits of polymorphism/inheritance. getClass is used primarily in cases like .equals where you must deal with the fact that to override you must write .equals so that it takes in an object, so you need to check to make sure it is the same class.","instanceOf (I think that's what you're referring to) checks if the object is an instance of any object which it may inherit from/is in its inheritance tree, thus everything is an InstanceOf an Object. However, getClass just returns the dynamic class of the object. InstanceOf generally isn't preferable to use because it somewhat negates the benefits of polymorphism/inheritance. getClass is used primarily in cases like .equals where you must deal with the fact that to override you must write .equals so that it takes in an object, so you need to check to make sure it is the same class.",General,,
,,Submission with Zip,"Hi, the submission guidelines for codio says:These files should be organized similar to above (with a src and test directory) The easiest option is to use the Zip for Submission menu item in Codio. If you do this, you should delete the folders for the provided game code that you did not use (i.e. if you modified mushroom of doom, you should delete tictacttoe folders from both main and test, and vice-versa). You can directly upload the zip produced by Codio into Gradescope.For context, I coded mineSweeper and I used the tictactoe template, but I have a separate file and tests made for minesweeper.--&gt; Does this mean that I only need to delete mushroomofdoom code from my zubmission? Am I required to delete the code and tests for tictactoe too?","Hi Stella.I just checked Gradescope and it looks like you were able to submit successfully last night.So you should be all set as far as HW09 is concerned, but please let us know if you have any other questions.","Hi Stella.I just checked Gradescope and it looks like you were able to submit successfully last night.So you should be all set as far as HW09 is concerned, but please let us know if you have any other questions.",General,,
,,HW,I have started doing the game in a new file without downloading the cis1200 file. Now I am afraid I will have troubles with ssubmitting. What should I do?,"Sorry for the late reply, but you should be able to just move your files over to the 1200 project file and make sure the stylechecker and test cases match accordingly.","Sorry for the late reply, but you should be able to just move your files over to the 1200 project file and make sure the stylechecker and test cases match accordingly.",Homework,,
,,Unexpected Error For The Test Cases,I keep getting this error message when I try to submit and I am unsure as to why? Is anyone able to help?,It seems like you're using JUnit 4 instead of JUnit 5. We use JUnit 5 for all the other homework‚Äôs so please use that import and adjust your assertions if needed.,It seems like you're using JUnit 4 instead of JUnit 5. We use JUnit 5 for all the other homework‚Äôs so please use that import and adjust your assertions if needed.,General,,
,,"25 fa midterm 1 2.d, 2.e","For this question, is d ill-typed because the parameter of the all method takes in 'a list when it's supposed to take in 'a bag? For 2.e, is it ill-typed since this code is outside the module that implements this interface, so we're not supposed to assume that remove 1 empty returns a list?","for d, .all is not accessible outside of the ULBag implementation because it's not defined in the interface, so trying to call it makes it ill typedfor e, yes, remove 1 empty returns a bag, and you do not know the underlying implementation details outside of the actual implementation file","for d, .all is not accessible outside of the ULBag implementation because it's not defined in the interface, so trying to call it makes it ill typedfor e, yes, remove 1 empty returns a bag, and you do not know the underlying implementation details outside of the actual implementation file",General,,
,,23 fall 3a,I thought simple inheritance was about ‚Äúextends‚Äù and inheriting code. Why is it Allan and ComputerScienceBarbie (which both implement interfaces) that show simple inheritance and not JavaBarbie or OcamlBarbie?,#917,#917,General,,
,,Additional Office Hours,"Hi all! Congrats on finishing your game!Yesterday (12/8) was the last official day of office hours, but some TAs may host additional office hours.Here is a running list of office hours. TAs will add their name to it if they choose to host additional OH:Tuesday, 12/9Wednesday, 12/10Na: 8:30-10:30 AM (Virtual OHQ)Swap: 10:30am -12pm (Levine 264)Thursday 12/11Hannah and Anjali: 12:30-2:00 PM (Huntsman G51)Tapiwa: 2:00-4:00 PM (Virtual OHQ)Good luck with finals!",,,General,,
,,Tree Recursion,"Is there an intuitive difference between the three. ""In-Order"" makes sense because if we're sorting an int tree, then the values at the numbered positions will correspond to the chronological order of the values.But I can't really understand pre-order or post-order intuitively? I have a hard time tracing the BST based on code alone, so would help if anybody has any 'tricks' or better explanations on this end.","Knowing the specific terminology really isn't the most significant, rather just reading the code and recognizing the order and whether or not each branch gets evaluated.However, the easiest way for me to remember this is pre, in, and post represent the position where the root is evaluated, the the remaining two are left and right (with left always being first). So pre-order is root left right, in-order is left root right, post-order is left right root.","Knowing the specific terminology really isn't the most significant, rather just reading the code and recognizing the order and whether or not each branch gets evaluated.However, the easiest way for me to remember this is pre, in, and post represent the position where the root is evaluated, the the remaining two are left and right (with left always being first). So pre-order is root left right, in-order is left root right, post-order is left right root.",General,,
,,Why don't we declare Runtime Exceptions and it's subtypes?,"Title -- I rewatched the lectures and couldn't really discern why we differentiate b/w declared and undeclared exceptions. This question stems from the fact that I understand what to do, but not why we are doing it. Thank you!","If every possible exception was declared (like RuntimeExceptions such as NullPointerException), every method that used something like an array would need to throw or try catch that exception because every array can throw it. This would make the code have a huge volume of try-catching and exception handling that isn't very helpful or necessary, especially because in a lot of cases runtime exceptions aren't things you want to happen at all so the code shouldn't continue, it should just stop. That's what the slide is referring to by lighter weight and easier to refactor code, it's much less dense code and classes/functions can be built much more easily.","If every possible exception was declared (like RuntimeExceptions such as NullPointerException), every method that used something like an array would need to throw or try catch that exception because every array can throw it. This would make the code have a huge volume of try-catching and exception handling that isn't very helpful or necessary, especially because in a lot of cases runtime exceptions aren't things you want to happen at all so the code shouldn't continue, it should just stop. That's what the slide is referring to by lighter weight and easier to refactor code, it's much less dense code and classes/functions can be built much more easily.

---

To add on, why would you want to catch and handle a NullPointerException? That would be very bad!! If your code is throwing a NullPointerException, that probably means you should stop running the program and fix it. Some exceptions are helpful when thrown! :)",General,,
,,Inner classes,"Nested inner classes can access the private fields/methods of their outer class, but can outer classes access the private fields/methods of their nested inner classes?","Yes, outer and inner classes have access to each other's private methods and fields.","Yes, outer and inner classes have access to each other's private methods and fields.",General,,
,,2023 fall final question,"Hello! I'm a little confused why this is false. If two objects are reference equality, are they not the same object therefore equal by logic? Thank you!","We can define the equals method to return whatever boolean value we want. Thus, we can define equals to always return false, which would make the above statement false.","We can define the equals method to return whatever boolean value we want. Thus, we can define equals to always return false, which would make the above statement false.",Exams,,
,,recitation 12 worksheet solutions,I looked in Google Drive but couldn't find the solutions to the recitation 12 worksheet. Has it been uploaded?Thanks,,,General,,
,,22 fall 4a,How is line 89 an example of subtype polymorphism?,"LinkedList is a subtype of List, so that declaration involves subtype polymorphism since a subtype was provided as the dynamic type for the static type of an object.","LinkedList is a subtype of List, so that declaration involves subtype polymorphism since a subtype was provided as the dynamic type for the static type of an object.",General,,
,,24fa final exam question 8.3,"on the 2024 final fall, on question 8.3 where it asks what happens when you get rid of the repaint function in cookiepanel, the answer key says that the internal clickcount will update but depending on other various factors swing makes internally, the counter display may or may not change. How is this a logical answer as the code for updating the counter gui is in paintcomponent so without it, based on the given code, the gui should stay in the initial state and not update while the internal state updates (and this isnt even one of the answer choices).","It's not saying you delete the repaint function, you just delete the call to repaint within the listener, so the paintComponent function is still there. Therefore, if the cookie panel is within a larger panel and repaint is called within the overall frame or a container of the cookie panel, then it will travel down to the cookie panel and call paintComponent on it as well, thus updating the cookie display. However, this isn't a guarantee that the cookie panel is within this larger group, thus other interactions/factors matter in whether or not it gets displayed.","It's not saying you delete the repaint function, you just delete the call to repaint within the listener, so the paintComponent function is still there. Therefore, if the cookie panel is within a larger panel and repaint is called within the overall frame or a container of the cookie panel, then it will travel down to the cookie panel and call paintComponent on it as well, thus updating the cookie display. However, this isn't a guarantee that the cookie panel is within this larger group, thus other interactions/factors matter in whether or not it gets displayed.",Exams,,
,,Simple Inheritance Question,"I'm wondering why JavaBarbie and OCamlBarbie are not examples of simple inheritance. They both extend the superclass ComputerScienceBarbie. So is there only a particular type of inheritance that counts as simple inheritance? If so, what is the definition? Thank you so much!","Simple inheritance is when child classes only add new methods. However, JavaBarbie and OCamlBarbie override the speak method, so they aren't examples of simple inheritance.","Simple inheritance is when child classes only add new methods. However, JavaBarbie and OCamlBarbie override the speak method, so they aren't examples of simple inheritance.",Exams,,
,,"Methods for Lists, Sets, Maps","Hey,On the exam, if a question asks us to work with a LinkedList for example, will the required syntax for add, get, set, remove, etc. that are needed be included in the Appendix?Or are we expected to memorize these?Thanks!","Usually, that is provided in the appendix. Can‚Äôt make any promises. That‚Äôs all I will say about appendices (they are part of the exam). For more information, see the course website.","Usually, that is provided in the appendix. Can‚Äôt make any promises. That‚Äôs all I will say about appendices (they are part of the exam). For more information, see the course website.",General,,
,,ocaml structural and reference equality,24fa: in ocaml if s == t is true then is s=t guaranteed to be true.the answer key says false but shouldnt it be true as if two variables point to the same reference on the heap then shouldnt they be structurally equal.,"Adding on, if you have a record of functions referred to as s and t, s == t will be true since they point to the same record but not s = t because structural equality between functions isn't defined/doesn't work.","It‚Äôs because if you use = to compare two recursive data structures, it could loop forever (think about comparing two cyclic queues). It could either hang or cause a stack overflow.

---

Adding on, if you have a record of functions referred to as s and t, s == t will be true since they point to the same record but not s = t because structural equality between functions isn't defined/doesn't work.",General,,
,,Review Session Recording Final,Is there a recording for the final review session? Tnx a lot,Under class recordings,Under class recordings,General,,
,,24sp Q2C,"For this year's final, are we expected to know the behavior of == on objects with different dynamic classes?",It can be tested,It can be tested,General,,
,,Student Charger from 12/9 Review Session,If you let a TA borrow your charger during the Dec 9th final review session please email me at [REDACTED_EMAIL],,,General,,
,,Simple Inheritance,I understand that simple inheritance for classes means you aren't overriding previous methods but does that mean that implementing an interface also counts as simple inheritance? What about interfaces extending other interfaces or multiple interfaces? Thanks,"Hi there.Good question!No, simple inheritance is only in the context of inheritance (when a class extends another class).When an interface extends another interface, there's no inheritance just interface extension so it wouldn't count as simple inheritance. Similarly, when a class implements an interface, there's no inheritance there either just interface implementation.Please let us know if you have any other questions.","Hi there.Good question!No, simple inheritance is only in the context of inheritance (when a class extends another class).When an interface extends another interface, there's no inheritance just interface extension so it wouldn't count as simple inheritance. Similarly, when a class implements an interface, there's no inheritance there either just interface implementation.Please let us know if you have any other questions.",General,,
,,rec12 ws ans,is it possible to get the answerkey to the recitation 12 worksheet?,,,General,,
,,hashing,do we need to know hashing?,It can be tested,It can be tested,General,,
,,Where is the final ?,There are two locations on Path.,‚Äì Chem 102 Last Names A ‚Äì L ‚Äì Fagin Auditorium Last Names M ‚Äì Z,‚Äì Chem 102 Last Names A ‚Äì L ‚Äì Fagin Auditorium Last Names M ‚Äì Z,Exams,,
,,Tail Recursion,"Why isn't this tail recursive from this semester's fall 25 midterm 2. My understanding of the concept is that as long as we don't need to ""add something"" or do an operation after we run the recursive call(i.e. 1+ mystery (x-1) is immediately not tail recursive or f mystery (x-1) where f is a function wouldn't be tail recursive). In this case, the lines are blurred, so I was deeply confused.","the recursive calls to mystery(x-2) or mystery(x-3) both first depend on the result of mystery (x-1). Therefore, when the recursive call to mystery (x-1) is made, the stack space can't be cleared, meaning it's not a tail call.Your understanding is pretty accurate, the issue though is that you are doing an operation after the recursive call, either mystery (x-2) or mystery (x-3). I like thinking of it as you do, I also sometimes imagine it as traveling down the recursive calls and whether or not we know the answer of the initial call by the time we reach the base case or not. In this case, you don't, since the result of mystery (x-1) tells you whether or not you do mystery (x-2) or mystery(x-3) (and then you need to wait for that result).","the recursive calls to mystery(x-2) or mystery(x-3) both first depend on the result of mystery (x-1). Therefore, when the recursive call to mystery (x-1) is made, the stack space can't be cleared, meaning it's not a tail call.Your understanding is pretty accurate, the issue though is that you are doing an operation after the recursive call, either mystery (x-2) or mystery (x-3). I like thinking of it as you do, I also sometimes imagine it as traveling down the recursive calls and whether or not we know the answer of the initial call by the time we reach the base case or not. In this case, you don't, since the result of mystery (x-1) tells you whether or not you do mystery (x-2) or mystery(x-3) (and then you need to wait for that result).",Exams,,
,,Fall 25 - Q6.7,Is the ans key not 100% correct in that the next() method needs to have a declaration:next() throws NoSuchElementException(){},"First, when it comes to differentiating those exceptions, best recommendation is when studying to look over the main exceptions you've dealt with and pay attention to whether or not they are checked or unchecked (which mostly means checking if they are RuntimeExceptions or not) (this is another thing your cheat sheet could be helpful for). There really isn't a great way to differentiate unless it is told to you or you memorize them.For the second part, you have the correct premise yes, but you can recover from a FileNotFound exception. Think about when you're uploading something in a program or app, if the file isn't found, the program doesn't crash, it just tells you that your file was not found and asks you to please reupload it. Try-catching that FileNotFoundException enables this. However, if you are running into a null pointer exception, you are pointing to regions of code that you shouldn't and its difficult to predict behavior from that point forward, so the program should crash/stop. You could attempt to try-catch/deal with the runtime exception, but it probably won't go well.","First, when it comes to differentiating those exceptions, best recommendation is when studying to look over the main exceptions you've dealt with and pay attention to whether or not they are checked or unchecked (which mostly means checking if they are RuntimeExceptions or not) (this is another thing your cheat sheet could be helpful for). There really isn't a great way to differentiate unless it is told to you or you memorize them.For the second part, you have the correct premise yes, but you can recover from a FileNotFound exception. Think about when you're uploading something in a program or app, if the file isn't found, the program doesn't crash, it just tells you that your file was not found and asks you to please reupload it. Try-catching that FileNotFoundException enables this. However, if you are running into a null pointer exception, you are pointing to regions of code that you shouldn't and its difficult to predict behavior from that point forward, so the program should crash/stop. You could attempt to try-catch/deal with the runtime exception, but it probably won't go well.

---

It occurs to me that NoSuchElementException is a runtime exception -- is there any advice for differentiating exceptions from checked vs unchecked that's not on the tree?And as a further question, the entire premise of differentiating between declared &amp; undeclared exceptions is that there are certain ones we can 'recover' from w/ try...catch...However, I think I'm not understanding this properly -- the IO Exception or FileNotFound, there's no real way to recover from them, right?",Exams,,
,,Declaring vs. Catching Exceptions -- Mutually Exclusive?,"""Declaring Exceptions forces callers to either deal with the exception or pass responsibility to their callers"" - Lecture NotesIf we try/catch a declared exception within the function, do we still need to declare it?","No, unless you throw another exception in your catch block or somewhere else. If all possible exceptions are try/catched, you shouldn't declare it.","No, unless you throw another exception in your catch block or somewhere else. If all possible exceptions are try/catched, you shouldn't declare it.",General,,
,,transform and fold,If we need to use transform or fold on the exam will the structure be given in the appendix?,I don't think we can guarantee this. My recommendation would be to use your cheat sheet to write it down if that helps with remembering.,I don't think we can guarantee this. My recommendation would be to use your cheat sheet to write it down if that helps with remembering.,Exams,,
,,Swap - Extra OH,"Hi everyone.I'll hold extra OH tomorrow from 10.30am-12pm in my office (Levine 264).Please feel free to stop by, if you have any questions!",,,Exams,,
,,Will the last lecture (advanced java) be part of the final?,Will the last lecture (advanced java) be part of the final?,Possibly!,Possibly!,General,,
,,Signatures in Ocaml,"Hi! I was wondering if for mutable queues, etc. in Ocaml, if we would need to remember all the methods defined on the signature or if we would be given it in the appendix if needed?Thank you!","We can't say. However, you will not have to write OCaml on the exam, so if you were to get a question on mutable queues, it would be multiple choice.","We can't say. However, you will not have to write OCaml on the exam, so if you were to get a question on mutable queues, it would be multiple choice.",Exams,,
,,Reviewing Swing,"I'm still having trouble actually understanding some parts of swing, given the time constraint what would be a recommended approach?","Could you elaborate more on what parts of Swing you're having trouble with? I'd recommend reviewing past exams that feature Java Swing, going to OH, maybe rewatching those lectures if you have the time. Maybe reading the Javadocs of the functions that are confusing could be helpful too? I'd honestly say your best bet is the exam material.","Could you elaborate more on what parts of Swing you're having trouble with? I'd recommend reviewing past exams that feature Java Swing, going to OH, maybe rewatching those lectures if you have the time. Maybe reading the Javadocs of the functions that are confusing could be helpful too? I'd honestly say your best bet is the exam material.",Exams,,
,,Question about what I should be getting,"I'm looking over lecture 15 right now, and I'm not exactly sure what I should be getting out of it.Specifically, the part where it goes over the specific implementations of enq and deq. Is it just to give me a better idea of how the data structure works? Or is there another reason for teaching us specific implementation?","In general, I'd say that the OCaml homework/lectures related to the queues and deques are partly a means to teach the ASM and abstraction and modularity.. so sigs vs structs (interfaces vs classes) and how to design modular and updatable code. The fact that queues allow for mutable data opens up a can of worms in terms of  defining equality. Also, queues and deques are just a good data structures to know and pop up in so many different areas of computer science. Not sure if this answered your question? Perhaps the professors can follow up with their specific learning goals..","In general, I'd say that the OCaml homework/lectures related to the queues and deques are partly a means to teach the ASM and abstraction and modularity.. so sigs vs structs (interfaces vs classes) and how to design modular and updatable code. The fact that queues allow for mutable data opens up a can of worms in terms of  defining equality. Also, queues and deques are just a good data structures to know and pop up in so many different areas of computer science. Not sure if this answered your question? Perhaps the professors can follow up with their specific learning goals..",Exams,,
,,dynamic dispatch,could someone write out the distinction between what would cause the code to not compile vs. compile and throw an exception in a scenario of dynamic dispatch like this?,"The key fact here is that when we downcast, Java doesn't check at compile time if the dynamic type of the variable being downcast (JavaBarbie) is a subtype of the class being downcast to (OCamlBarbie). Thus, something like MattelToy barbie = new JavaBarbie() will compile, since MattelToy is a supertype of OCamlBarbie, so barbie could theoretically be dynamically a subtype of OCamlBarbie. However, it will throw a runtime exception. However, something like MattelToy barbie = new Object() won't compile, since Object isn't a subtype of MattelToy.","The key fact here is that when we downcast, Java doesn't check at compile time if the dynamic type of the variable being downcast (JavaBarbie) is a subtype of the class being downcast to (OCamlBarbie). Thus, something like MattelToy barbie = new JavaBarbie() will compile, since MattelToy is a supertype of OCamlBarbie, so barbie could theoretically be dynamically a subtype of OCamlBarbie. However, it will throw a runtime exception. However, something like MattelToy barbie = new Object() won't compile, since Object isn't a subtype of MattelToy.",General,,
,,Final 25sp Q6.4,"How is exporting with ""return this"" safe when it exposes the reference to the original object and I can easily change the data? Also, isn't the logic behind Q 6.3 and 6.4 literally the same thing?Thanks in advance","No, not exactly. links() returns a possibly private part of the internal representation, and now the caller holds a reference directly to a node in your data structure and can do whatever they want to it. In export(), returning this just returns the object itself, which the caller already had. Say we have Object o. o.export() is just Object o again. Think about it - how could you call an object's methods if you didn't already have the object? Also, any private fields that Object o has are still private. The object itself isn't private.","No, not exactly. links() returns a possibly private part of the internal representation, and now the caller holds a reference directly to a node in your data structure and can do whatever they want to it. In export(), returning this just returns the object itself, which the caller already had. Say we have Object o. o.export() is just Object o again. Think about it - how could you call an object's methods if you didn't already have the object? Also, any private fields that Object o has are still private. The object itself isn't private.",Exams,,
,,Exceptions lecture 30,"For the example in the lecture slides in lecture 30 on catching exceptions and the ASM, I was wondering what would happen in the case that the catch block was in foo() and there was no catch block in baz(). I think that the exception would search through the saved workspaces until it reached the catch block from foo() and then would print ""here in foo"". Would that be correct? Or would ""here in bar"" be printed as well?","Correct, ""here in bar"" would not be printed","Correct, ""here in bar"" would not be printed",General,,
,,23 fall 1b i,"if we said array list because we could use the set and remove methods to perform the functionality needed and thought that linked list would only be appropriate if the points were at the head or the tail of the list not if they were in the middle, would that reasoning be considered correct too? if not, how can we assume that the points being removed are only the first and last and why would array list not be MOST suitable. Thank you","If it was remove in the middle then an ArrayList still wouldn't be the best option because the list size would change and you wouldn't be able to keep track of the index of the waypoints. The implication of a route is that is ordered so you'd be deleting and adding from the front and end, so it's effectively a Deque which a LinkedList is best for. If you interpreted it as insertion and deletion similar to a set, then a treemap would be closest to what you want (if you justified it like that, then you may get partial credit upon regrade request depending on your wording).","If it was remove in the middle then an ArrayList still wouldn't be the best option because the list size would change and you wouldn't be able to keep track of the index of the waypoints. The implication of a route is that is ordered so you'd be deleting and adding from the front and end, so it's effectively a Deque which a LinkedList is best for. If you interpreted it as insertion and deletion similar to a set, then a treemap would be closest to what you want (if you justified it like that, then you may get partial credit upon regrade request depending on your wording).",General,,
,,23 fall qs 2,"in this a) why would the third checkbox also not be correct? and in the c) I didnt understand the first checkbox, how that would be calculated. could you please walkthrough it?","For a), @ appends two lists, x+1 is an int not an int list so it's ill-typed.For c), your base case is 24, acc then equals 24, then acc = 24 / 4 = 6, then acc = 6 / 3 = 2, then acc = 2 / 2 = 1, and that's the value that gets returned (just traverse backward through the list and repeat the function). If there is anything still confusing feel free to let me know.","For a), @ appends two lists, x+1 is an int not an int list so it's ill-typed.For c), your base case is 24, acc then equals 24, then acc = 24 / 4 = 6, then acc = 6 / 3 = 2, then acc = 2 / 2 = 1, and that's the value that gets returned (just traverse backward through the list and repeat the function). If there is anything still confusing feel free to let me know.",General,,
,,25 sp final 6.8,"When solving this question, is it possible to use the iterator we previously created, and have our code be the following:    Iterator&lt;E&gt; it = iterator();    while (it.hasNext()) {        E e = it.next();        if ((o == null &amp;&amp; e == null) || (o.equals(e))) {            return true;        }    }    return false;","Yes, good solution","Yes, good solution",General,,
,,23 fall qs 3,"what does java generics invariant mean here? I remember reading in the lecture notes that this would be possible because Java barbie is a subtype of cs barbie and array list is a subtype of list. so could you explain why the code would not compile? also if it did, would this be an example of parametric polymorphism. could you explain? Thank you!","No, the lecture notes explicitly say this is not possible.QueueImpl&lt;Queue&lt;String&gt;&gt; is a subtype of Queue&lt;Queue&lt;String&gt;&gt; but Queue&lt;QueueImpl&lt;String&gt;&gt; is not a subtype of Queue&lt;Queue&lt;String&gt;&gt;. This is because parametrized types in Java are invariant. For any type T, QueueImpl is a subtype of Queue. You can just substitute T for anything, as long as it's consistent. But statement 2 tries to use subtyping on the inner generic parameter, which is just not allowed because the generics are invariant.Also, the above is an example of parametric polymorphism. The same code of QueueImpl works for any type of E.","No, the lecture notes explicitly say this is not possible.QueueImpl&lt;Queue&lt;String&gt;&gt; is a subtype of Queue&lt;Queue&lt;String&gt;&gt; but Queue&lt;QueueImpl&lt;String&gt;&gt; is not a subtype of Queue&lt;Queue&lt;String&gt;&gt;. This is because parametrized types in Java are invariant. For any type T, QueueImpl is a subtype of Queue. You can just substitute T for anything, as long as it's consistent. But statement 2 tries to use subtyping on the inner generic parameter, which is just not allowed because the generics are invariant.Also, the above is an example of parametric polymorphism. The same code of QueueImpl works for any type of E.",General,,
,,Final exam note sheet,"Can the note sheet for the final exam be written on an iPad, or does it have to be written in pencil?",pencil/pen on paper,pencil/pen on paper,Exams,,
,,Final Exam Time and Location,"Just to confirm, if my last name begins with T, I take the exam in Fagin Auditorium, Fagin Hall at 6 p.m. on 12/11?",Yes,Yes,General,,
,,24fa 8.6,"In this question, why would changing the instance variable to static not change the behavior? Shouldn't the variable keep track of the count in all instances in that case, meaning that the count wouldn't reset with restarting the game?","The variable would be modified by all instances, so if you had multiple panels, restarting for one would reset the value for all. However, the game only has a single cookie Panel, so there won't be any change in behavior since there is only ever a single instance accessing it.","The variable would be modified by all instances, so if you had multiple panels, restarting for one would reset the value for all. However, the game only has a single cookie Panel, so there won't be any change in behavior since there is only ever a single instance accessing it.",Exams,,
,,25 spring final 4.5,"In this question, is JapaneseCherryBlossom allowed to be the static type because its supertype classes contain growingSeason(), even though the class itself doesn't explicitly rewrite growingSeason()?",Do you mind attaching photos of the appendices?,Do you mind attaching photos of the appendices?,General,,
,,25 spring final 5.3,"Can anyone explain why p.allies.contains(new Player(""Wei Rich"", 1)) is false?","#1001  Check out this answer for an answer to the 3rd question. For the fourth question, it's because the only Player object we added to our allies collection has the name ""Oh Caml"", not ""Wei Rich"".","#1001  Check out this answer for an answer to the 3rd question. For the fourth question, it's because the only Player object we added to our allies collection has the name ""Oh Caml"", not ""Wei Rich"".",General,,
,,a bit confused of the example.,,"#1023, let me know if you have additional questions.","#1023, let me know if you have additional questions.",General,,
,,Let expressions and Tuples,"I'm confused about why the let binding on the second and fourth lines would need to have a type annotation, isn't (left, right) just equal to x and left/right is being returned as the result of the function call?","Since we know that x is of type int * string, we can infer that when we destructure it, left is an int and right is a string.Additionally, in OCaml, type annotations are completely optional (although required by the CIS 1200 style guide). Thus, let first x = let (left, right) = x in left is valid code. We give let declarations (often function declarations) type annotations in order to assist the OCaml compiler with validating our code and to make development easier.","Since we know that x is of type int * string, we can infer that when we destructure it, left is an int and right is a string.Additionally, in OCaml, type annotations are completely optional (although required by the CIS 1200 style guide). Thus, let first x = let (left, right) = x in left is valid code. We give let declarations (often function declarations) type annotations in order to assist the OCaml compiler with validating our code and to make development easier.",General,,
,,Interface methods are usually dynamic - Why?,"Title, from this recitation slideshow:","Since we call the static method of the static type of a variable, we actually have to implement the static method in the interface. We don't expect you to know this, so you can consider static interface methods outside of the scope of the course.","Since we call the static method of the static type of a variable, we actually have to implement the static method in the interface. We don't expect you to know this, so you can consider static interface methods outside of the scope of the course.",General,,
,,24 spring 4c,is this correct? but the mark scheme says this,"What is i and j? In this question, we didn't define variables with those names.","What is i and j? In this question, we didn't define variables with those names.",General,,
,,23fa q2c,"Could you explain when it is appropriate to downcast? Why does CSBarbie cause a ClassCastException whereas this example in recitation does not? Is this because both classes in the recitation example have the method call whereas in the exam question, the superclass does not have that method call?","In the recitation, Poodle is a subclass of Dog, so when we downcast the evan binding from an Animal to a Dog, the dynamic type Poodle is still a subclass of Dog.For (c), ComputerScienceBarbie is not a subclass of OCamlBarbie, so the downcast will fail at runtime. However, since MattelToy is a supertype of OCamlBarbie, Java says that at compile time, barbie could still contain a instance of a subclass of OCamlBarbie, this just must be confirmed at runtime.","In the recitation, Poodle is a subclass of Dog, so when we downcast the evan binding from an Animal to a Dog, the dynamic type Poodle is still a subclass of Dog.For (c), ComputerScienceBarbie is not a subclass of OCamlBarbie, so the downcast will fail at runtime. However, since MattelToy is a supertype of OCamlBarbie, Java says that at compile time, barbie could still contain a instance of a subclass of OCamlBarbie, this just must be confirmed at runtime.",General,,
,,exam,I am not sure why these 2 are correct?,"(b) is correct, since using @Override allows us to have some compile time checks to ensure that we are overriding the correct method from the superclass, not overloading, which is when we define two functions with the same name, but different types for parameters.(c) is correct, since try-catch blocks are for all exceptions, not just checked exceptions. Consider try {
  int[] xs = {0, 1};
  System.out.println(Integer.toString(xs[2]);
} catch (ArrayOutOfBoundsException e) {
  System.out.println(""OOB"");
}
This code (outside of any syntax errors I may have made) is legal.","(b) is correct, since using @Override allows us to have some compile time checks to ensure that we are overriding the correct method from the superclass, not overloading, which is when we define two functions with the same name, but different types for parameters.(c) is correct, since try-catch blocks are for all exceptions, not just checked exceptions. Consider try {
  int[] xs = {0, 1};
  System.out.println(Integer.toString(xs[2]);
} catch (ArrayOutOfBoundsException e) {
  System.out.println(""OOB"");
}
This code (outside of any syntax errors I may have made) is legal.",General,,
,,Cheat Sheet,"Hi,For final cheat sheet, is there a requirement on the size of the paper we use? I know it cannot be printed or written on ipad but like is A4 the max size and will a notebook page suffice?",Likely that anything close to an 8.5 x 11 sheet of paper is fine..,Likely that anything close to an 8.5 x 11 sheet of paper is fine..,General,,
,,Corresponding Types,Why would the answer of this be static final int?,"Assuming x is not inside a record/object, then x is a top level constant and can be accessed by everything below it (static). Also recall that in OCaml, everything is immutable by default while in Java, everything mutable by default.","Assuming x is not inside a record/object, then x is a top level constant and can be accessed by everything below it (static). Also recall that in OCaml, everything is immutable by default while in Java, everything mutable by default.",General,,
,,exam,Is not everything in Java mutable by default?,"Mutable by default, but Strings are designed to be immutable. Operating on them (toUpperCase, substring, +, etc) always returns a new String object. Similar to how in OCaml we say it‚Äôs immutable by default but you can still make things mutable (mutable keyword).","Mutable by default, but Strings are designed to be immutable. Operating on them (toUpperCase, substring, +, etc) always returns a new String object. Similar to how in OCaml we say it‚Äôs immutable by default but you can still make things mutable (mutable keyword).",General,,
,,Recitation 10 WK,Can you explain how to do #3? What does casting null to (List&lt;String&gt;) do?,"Since List&lt;String&gt; is a nullable type, the type would just be List&lt;String&gt;","Since List&lt;String&gt; is a nullable type, the type would just be List&lt;String&gt;",General,,
,,Fa25 Midterm 1  2(d),"Why is this ill-typed? I know it's empty, but shouldn't the code still compile as 'empty' can fulfill the constraints of a 'a bag?https://www.seas.upenn.edu/~cis120/25fa/files/exams/midterm1-25fa-solutions.pdf","all is not accessible outside of the ULBag implementation file (check its interface), so it's ill-typed","all is not accessible outside of the ULBag implementation file (check its interface), so it's ill-typed",General,,
,,String equality question,"In recitation 7 worksheet, the answer for d says ""does compile; answer depends on the specific compiler, but you should assume this returns false!"".I just wanted to confirm whether we should assume this is false on the final as well.Thank you!",You can assume that it doesn't return true 100% of the time. I would hesitate to say it is a guaranteed false.,You can assume that it doesn't return true 100% of the time. I would hesitate to say it is a guaranteed false.,General,,
,,sp24q,i can't really differentiate between what would cause encapsulation to be preserved vs. broken here. could someone explain it?,"The easiest way to understand it is that if you return an object that is internally stored in the class directly, i.e. without making a copy, you're breaking encapsulation because the user who used get can then intentionally or unintentionally modify the object in ways the class does not expect.So, returning currLetter and secretWord are fine because currLetter is a primitive (which are always pass by value, meaning a copy is made of them which gets returned), and strings are immutable. However, returning board[currGuess] returns the Letter[] array on the board. The user can reassign elements within this array to be null (so technically, even though an individual letter is immutable and thus can't be tampered with, which is the point of part k, an array of Letters can be tampered with, such as replacing one letter with another or with null).","The easiest way to understand it is that if you return an object that is internally stored in the class directly, i.e. without making a copy, you're breaking encapsulation because the user who used get can then intentionally or unintentionally modify the object in ways the class does not expect.So, returning currLetter and secretWord are fine because currLetter is a primitive (which are always pass by value, meaning a copy is made of them which gets returned), and strings are immutable. However, returning board[currGuess] returns the Letter[] array on the board. The user can reassign elements within this array to be null (so technically, even though an individual letter is immutable and thus can't be tampered with, which is the point of part k, an array of Letters can be tampered with, such as replacing one letter with another or with null).",General,,
,,2024 Fall Midterm Question,"Why is the second one true? Can't a JFrame only hold one component (e.g. a JPanel, which can then hold multiple components)?","No, JFrames can contain multiple panels and can also directly contain buttons, textfields, and other components","No, JFrames can contain multiple panels and can also directly contain buttons, textfields, and other components",General,,
,,is && and || tail recursive?,if I am calling a function in a pattern match is its just (conditional statement) &amp;&amp; func ( params ) Is this tail recursive? what if the &amp;&amp; switched for ||,"&amp;&amp; and || don't automatically make something tail recursive. The key property is that &amp;&amp;and || are short-circuiting, meaning that if we can completely evaluate the left side of &amp;&amp;/||, we can reduce the whole expression to true/false/the right side of the expression. Thus, the expression is tail recursive if and only if the right side of the expression is tail recursive.","&amp;&amp; and || don't automatically make something tail recursive. The key property is that &amp;&amp;and || are short-circuiting, meaning that if we can completely evaluate the left side of &amp;&amp;/||, we can reduce the whole expression to true/false/the right side of the expression. Thus, the expression is tail recursive if and only if the right side of the expression is tail recursive.",Exams,,
,,No ocaml writing?,Just wanted to double-check that we will not have to write any OCaml on the final. I saw that 2025 spring had some.,"Yep, you will not have to write OCaml","Yep, you will not have to write OCaml",Exams,,
,,question 6.7 on 2025 spring final,"for question 6.7 there's a blank space for the constructor.However, on the answer key, I'm not sure where the constructor isdoes DQNode&lt;E&gt; currentNode = head; satisfy both of the blanks on the blank exam? I think it's a bit misleading and it confuses me","Hi there.Yes, in this case DQNode&lt;E&gt; currentNode = head will satisfy both blanks.You could split it up as follows:DQNode&lt;E&gt; currentNode;

public DequeIterator() {

    currentNode = head;

}
For the exam, we gave you the option to split it up since you might need to do things differently depending on your choice of instance variables.Let us know if you have other questions.","Hi there.Yes, in this case DQNode&lt;E&gt; currentNode = head will satisfy both blanks.You could split it up as follows:DQNode&lt;E&gt; currentNode;

public DequeIterator() {

    currentNode = head;

}
For the exam, we gave you the option to split it up since you might need to do things differently depending on your choice of instance variables.Let us know if you have other questions.",General,,
,,Java Swing repaint(),"For this program from the course notes, I'm confused how the canvas actually appears on the screen. Where would the repaint() method be called? Is it part of the invokeLater() method?","When a Swing component is added to a visible frame, it automatically calls its paintComponent() method.","When a Swing component is added to a visible frame, it automatically calls its paintComponent() method.",General,,
,,should we know all methods?,for instance subset. in this question. Would it be okay if I discribe in words or write somethins gimilar or should II try getting all i am not that familiar with on the cheet sheet?,nevermind. I did not notice there was an appendix,"Marking resolved.

---

nevermind. I did not notice there was an appendix",Exams,,
,,Recitation 10 Worksheet,"https://drive.google.com/drive/folders/1-fpYg77Rrb01isdSaOfdP2BMgUt584SOWhy is it that for Question 2 (3), the cast suceeds on changing the Dynamic type of null?",,,General,,
,,24 fall 1b,why is this false?,#998,#998,General,,
,,Fall 25 - Q6.3,"For this question, is the second line supposed to be nodes.next = null, as nodes, not l, has the ""next"" field?","Hi there.Yes, that should be nodes.next (not l) - that's a typo in our solutions. Good catch!Let us know if you have other questions.","Hi there.Yes, that should be nodes.next (not l) - that's a typo in our solutions. Good catch!Let us know if you have other questions.",General,,
,,Spring 2025 6.8,"Instead of looping using the iterator implemented earlier, I created an instance of the iterator and used it to check contains. Would this implementation be fine, or do I need to use something like a for each loop when I implement iterator in my class.",,,Exams,,
,,Advanced Java content,"Since only these 5 topics were covered in lecture, will we only need to know the highlighted bullet points for the final?",The final will only test what has been covered in class,The final will only test what has been covered in class,General,,
,,24 fall final 1.d,Can anyone explain why this is false? Thank you!,"All functions store their local variables on the stack.A non-tail-recursive function needs to perform additional work after the recursive call, so each call‚Äôs local variables, as well as workspace, remain on the stack until it returns. This causes the stack to grow and could potentially lead to a stack overflow.A tail-recursive function makes its recursive call as the last action, with nothing left to do afterward. This removes the need to store the workspace and pop the local variables, so each call uses constant stack space, effectively behaving like a loop (iteration).","All functions store their local variables on the stack.A non-tail-recursive function needs to perform additional work after the recursive call, so each call‚Äôs local variables, as well as workspace, remain on the stack until it returns. This causes the stack to grow and could potentially lead to a stack overflow.A tail-recursive function makes its recursive call as the last action, with nothing left to do afterward. This removes the need to store the workspace and pop the local variables, so each call uses constant stack space, effectively behaving like a loop (iteration).",General,,
,,Recitation 12 wk,"For this example from recitation 12 wk, why is it allowed to add the button and the label to the frame separately? I thought this would cause only the label to appear on the screen","This is allowed because we have set the frame's layout to FlowLayout. It allows all components to be added and displays them in that order. The ""only label appears"" behavior you are talking about happens only when you use BorderLayout, where components overwrite the center.","This is allowed because we have set the frame's layout to FlowLayout. It allows all components to be added and displays them in that order. The ""only label appears"" behavior you are talking about happens only when you use BorderLayout, where components overwrite the center.",General,,
,,inner classes,they can acess all methods/variables of the outer class?,#1016,#1016,Exams,,
,,My TA didn't Show Up at Code Demo,"Hi. I scheduled a Code Demo with my TA, Joyce today at 12 pm but she didn't show up or reply to my email. Can anyone reach her? I am flying back home tomorrow so today is the only time I can do a demo, what should I do in this case?","Hi Alyssa.I'm sorry to hear that!Yes, we'll reach out to Joyce and let you know.Please don't worry about the demo though - we can always do the demo with another TA or on zoom.Please let us know if you have any questions in the meantime.","Hi Alyssa.I'm sorry to hear that!Yes, we'll reach out to Joyce and let you know.Please don't worry about the demo though - we can always do the demo with another TA or on zoom.Please let us know if you have any questions in the meantime.",Homework,,
,,How do you do these kinds of questions,I dont see any initializations of PointMode object in the code? (F2022),We covered this in the review session held on Tuesday if you want to watch the recording! There are initializations in the code provided in the appendix!,We covered this in the review session held on Tuesday if you want to watch the recording! There are initializations in the code provided in the appendix!,General,,
,,List.iter,Is list.iter a function that we are expected to know?,You‚Äôve used it on the homeworks so it‚Äôs testable.,You‚Äôve used it on the homeworks so it‚Äôs testable.,General,,
,,Final Exam Cheat Sheet,Can the cheat sheet be printed or does it have to be handwritten?,Handwritten 8.5 x 11,Handwritten 8.5 x 11,Exams,,
,,cheat sheet,Can we used lined paper for the cheat sheet?,Yuh,Yuh,Exams,,
,,24 Spring final 7-c,I don't understand why the third choice is a subtype polymorphism. Could somebody explain?Thank you!,"Hi there.Anonymous Ram is on the right track here - thanks!In these cases, the lamdba syntax can only be used for functional interfaces. So it's easier to think of the ""older"" alternative, which was anonymous inner classes.So if you have an anonymous inner class here, it's effectively saying:class Anonymous implements Predicate&lt;E&gt; {
    ...
}
So due to this, it's a subtype of Predicate.","from my understanding lambda are alway a subtype of a function class since we can have lambda string -&gt; bool or int -&gt; bool or any other so types may be different

---

Hi there.Anonymous Ram is on the right track here - thanks!In these cases, the lamdba syntax can only be used for functional interfaces. So it's easier to think of the ""older"" alternative, which was anonymous inner classes.So if you have an anonymous inner class here, it's effectively saying:class Anonymous implements Predicate&lt;E&gt; {
    ...
}
So due to this, it's a subtype of Predicate.",General,,
,,java question,what does java generics are invariant mean?,,,Exams,,
,,anonymous inner classes,are lambdas considered anonymous inner classes?,no,no,General,,
,,Subtype Polymorphism,How is line 85 not subtype polymorphism? Penguin is a subtype of animal and is being treated as such so shouldn't the correct answer be 84 and 85?,"The static type of penguin is Animal, so you're not providing a different type/subtype to printAnimalInfo","The static type of penguin is Animal, so you're not providing a different type/subtype to printAnimalInfo",General,,
,,Exam Info,where cheatsheets allowed in past final exams?,On some of them,On some of them,Exams,,
,,Regrade request.,"Hi! I recieved 0 for testing null burreted reader for line iterator, but I habe written this test case. coi+uld you please explain why this does not test it?   @Test
    public void testLineNull() {

        // Note we don't need to create a new file here in order to
        // test out our LineIterator if we do not want to. We can just
        // create a StringReader to make testing easy!
        String words = null;
        BufferedReader br = null;
        assertThrows(IllegalArgumentException.class, () -&gt; {
            LineIterator li = new LineIterator(br);
        });
    }","Hi Dasha.While we wait for the TAs to respond, let me just add a couple of things here:Prof. Zdancewic and I are in the process of computing letter grades and we'll release grades for everyone by the end of the week.I just took a look at our grading spreadsheet and even if you were to get those points for HW08, that wouldn't change your overall letter grade.(You've done well overall!)Please let us know if you have any questions in the meantime.","Please email your recitation TAs.

---

Hi Dasha.While we wait for the TAs to respond, let me just add a couple of things here:Prof. Zdancewic and I are in the process of computing letter grades and we'll release grades for everyone by the end of the week.I just took a look at our grading spreadsheet and even if you were to get those points for HW08, that wouldn't change your overall letter grade.(You've done well overall!)Please let us know if you have any questions in the meantime.

---

and the same for the markov chain",Homework,,
,,Final Exam Grade Release Date,Roughly when will final exam grades be available?,"Soon, as soon as we finalize grades. In past semesters, we have typically released grades within a week and a half of the exam, although the final was earlier this semester than usual.","Soon, as soon as we finalize grades. In past semesters, we have typically released grades within a week and a half of the exam, although the final was earlier this semester than usual.",Exams,,
,,"Final Exam, Letter Grades, and Wrap Up","Hi everyone.Final exam scores and feedback will available through Gradescope soon. The solutions are posted on the CIS 1200 website.About Regrades: We have not enabled regrade requests via Gradescope; a few points on the final is very unlikely to affect your overall letter grade. If you notice a large discrepancy between the exam grading and the solutions, however, send mail to [REDACTED_EMAIL] directly.Final Letter GradesWe have just uploaded the course grades to PATH@Penn as well. You should be able to see them once they get processed.We hope that you enjoyed the class -- stay safe, happy holidays, and have a great winter break!- Steve, Swap, and the TAs",Is there an answer key for the final that we can check with?,"What was the raw % needed in the class to get an A?

---

Are we able to know the mean/median on the exam?

---

Is there an answer key for the final that we can check with?",General,,
,,test post for automatic slack poster,"sorry to anyone this pings, happy holidays!",This so epic arjun,This so epic arjun,General,,
